_id,title,text,num_comments,comments[0],comments[1],comments[2],comments[3],comments[4],comments[5],comments[6],comments[7],comments[8],comments[9],comments[10],comments[11],comments[12],comments[13],comments[14],comments[15],comments[16],comments[17],comments[18],comments[19],comments[20],comments[21],comments[22],comments[23],comments[24],comments[25],comments[26],comments[27],comments[28],comments[29],comments[30],comments[31],comments[32],comments[33],comments[34],comments[35],comments[36],comments[37],comments[38],comments[39],comments[40],comments[41],comments[42],comments[43],comments[44],comments[45],image_url
64d33e2552cfbeeea9210124,"1997, Jacques Chirac reçoit le Grand Condor du président Bolivien",,10,Enfant du soleil,"Maintenant, le Grand Condor d'un sommeil éternel.",Moi aussi j'ai eu le prix du grand con d'or.,,,,,,,,,,,,,,,,,,,,,,,,,,,,,,,,,,,,,,,,,,,,
64d33e2552cfbeeea9210125,"Déclaration de M. Jacques Chirac, Président de la République, sur la liberté de la presse et le respect des convictions religieuses dans le cadre de l'affaire des caricatures du prophète Mahomet.",,25,"Et il avait été assez violemment critiqué pour ça à l'époque. Y compris par la gauche qui s'était jetée sur l'exemplaire de Charlie Hebdo (auquel Chirac réagissait ici), comme quoi...","Tiens, ce n'est pas le monsieur qui évoquant les logements de certaines communautés, se plaignait du [bruit et des odeurs](https://youtu.be/eERFYd1DuDE) ?",">  Comment voulez-vous que le travailleur français qui habite à la Goutte-d'or où je me promenais avec Alain Juppé il y a trois ou quatre jours, qui travaille avec sa femme et qui, ensemble, gagnent environ 15 000 francs, et qui voit sur le palier à côté de son HLM, entassée, une famille avec un père de famille, trois ou quatre épouses, et une vingtaine de gosses, et qui gagne 50 000 francs de prestations sociales, sans naturellement travailler ! [applaudissements nourris] Si vous ajoutez à cela le bruit et l'odeur [rires nourris], eh bien le travailleur français sur le palier, il devient fou. Il devient fou. C'est comme ça. Et il faut le comprendre, si vous y étiez, vous auriez la même réaction. Et ce n'est pas être raciste que de dire cela.",C'est une bonne chose que Chirac ne soit pas un prophète. On est libre de garder le bon et d'ignorer les conneries.,Chirac n'est pas notre prophète. Le peuple fait ses lois à travers la représentation nationale.,Tu nous confirmes que Chirac a été un guignol en plus d’être un voleur !,"Et que faire si ces convictions personnelles elles-mêmes sont des provocations? doit-on les condamner, ou les respecter?\n\nNon, la vraie épreuve d'une société libre de s'exprimer réside là où on est confronté à des idées qui ne nous plaisent pas. Si on n'est jamais blessé par la critique de nos convictions, ce n'est pas un signe d'être dans une société utopique qui nous respecte, mais plutôt le signe du manque de la liberté d'expression elle-même, qui n'est vraisemblablement pas accordée à ceux qui ne sont pas d'accord avec la seule pensée autorisée. D'ailleurs, c'est en recevant la critique de ces convictions personnelles qu'on est amené à remettre en questions nos idées reçues, à réévaluer les preuves, à changer d'avis quand on n'est plus convaincu, et à progresser.","Encore une fois, on adresse pas du tout l'essence du problème. \n\nLa question n'est pas de savoir si on doit passer ses journées à se moquer des superstitions débiles de telle ou telle personne, mais plutôt de savoir si on le droit de le faire sans se mettre en danger. \n\nOr, il y a une seule idéologie dans le monde qui risque de vous décapiter si vous la caricaturez.",> celle-ci repose également sur les valeurs de tolérance et de respect de toutes les croyances. [passage juste avant ce qu'on voit ici]\n\nOn peut pas conchier sur l'homéopathie non plus ?,L'exemple à suivre !,"""Collabo!"" /s","Les propos de Chirac sont intéressants, mais la manière de les rapporter ici n'est pas adaptée à Reddit. Une image de texte ? Pouah ! Sans aucune indication d'origine ni de contexte ? Double pouah !\n\nIl eût été beaucoup plus pertinent de partager un lien vers une publication digne de foi.",,,,,,,,,,,,,,,,,,,,,,,,,,,,,,,,,,,https://i.redd.it/f1kaw254bbv51.jpg
64d33e2652cfbeeea9210126,"En ce jour de 1932, le président Jacques Chirac est né.",,42,Nous sommes donc en 90 après JC,"J'ai jamais trop compris la fascination que pouvait avoir certains pour Chirac.\n\nJ'ai grandi avec les grèves de 95, la dissolution foirée, les enquêtes sur les emplois fictifs à Paris, les frais de bouche, le financement du RPR, Bernadette qui croquait, de comment il a magouillé les comptes de sa campagne de 95 et de comment il laissait ses potes se faire condamner à sa place,  etc.","[Jaques Chirac, dit L'Ogre de Corrèze](https://petitsfrenchies.com/wp-content/uploads/2015/05/tumblr_nfo5lwBxPe1r7k22ko1_12801.jpg)","un grand escroc, il a bonne réputation pour avoir dis non à la guerre en irak mais c'était pas vraiment une grande perte en dehors de ça",Ecoutéze monsieur d'Arvor!,"« notre maison brûle, et nous regardons ailleurs. »\n\n« mangez des pommes »\n\nun grand écolo.\n\n/s",Ah. \nr/rienabranler,Abasourdi que ce soit pas un poste de /u/bringbackmarchais,prouve le,Enfin un homme de droite intègre et sans casserole.,La naissance du swag à la française.,"Un homme sérieux, très admiré ici au Royaume-Uni.",https://m.youtube.com/watch?v=KIHFgealnYM\n\nPas un grand fan mais on peut pas lui enlever sa franchise là-dessus. Même s'il a lui-même fricoté avec des dictateurs.,,,,,,,,,,,,,,,,,,,,,,,,,,,,,,,,,,https://i.redd.it/jyl2m5875w2a1.jpg
64d33e2652cfbeeea9210127,"(Monde) La France engage la procédure pour retirer sa Légion d’honneur à Bachar Al-Assad | Le dirigeant syrien reçut cette décoration en 2001 des mains du président Jacques Chirac, qui l’avait élevé au grade de grand-croix.",,0,,,,,,,,,,,,,,,,,,,,,,,,,,,,,,,,,,,,,,,,,,,,,,,
64d33e2652cfbeeea9210128,(Figaro) Quand Jonah Lomu voulait placer des explosifs dans le jardin de Jacques Chirac | LE SCAN POLITIQUE - L'ancienne superstar du rugby vivait très mal les essais nucléaires de l'Etat français dans le Pacifique et l'avait fait savoir au président Jacques Chirac dans une lettre.,,0,,,,,,,,,,,,,,,,,,,,,,,,,,,,,,,,,,,,,,,,,,,,,,,
64d33e2652cfbeeea9210129,"(Figaro) Stéphane Martin : «L'Afrique ne peut pas être privée des témoignages de son passé» | INTERVIEW - Stéphane Martin, président du Musée du quai Branly-Jacques Chirac, revient sur le discours d'Emmanuel Macron à Ouagadougou.",,0,,,,,,,,,,,,,,,,,,,,,,,,,,,,,,,,,,,,,,,,,,,,,,,
64d33e2752cfbeeea921012a,(Figaro) Quand Jonah Lomu voulait placer des explosifs dans le jardin de Jacques Chirac | LE SCAN SPORT - L'ancienne superstar du rugby vivait très mal les essais nucléaires de l'Etat français dans le Pacifique et l'avait fait savoir au président Jacques Chirac dans une lettre.,,0,,,,,,,,,,,,,,,,,,,,,,,,,,,,,,,,,,,,,,,,,,,,,,,
64d33e2852cfbeeea921012b,"(Figaro) Législatives : Jean-Louis Debré en campagne à Paris avec un candidat macroniste | L'ancien président chiraquien du Conseil constitutionnel préfère soutenir Hugues Renson plutôt que Jean-François Lamour, le député sortant et ancien ministre de Jacques Chirac.",,0,,,,,,,,,,,,,,,,,,,,,,,,,,,,,,,,,,,,,,,,,,,,,,,
64d33e2952cfbeeea921012c,"Hier à la manifestation en soutien à génération identitaire était présent Maxime Brunerie le terroriste d’extrême droite qui, le 14 juillet 2002 avait tiré à la carabine 22 long rifle sur le président Jacques Chirac",,99,"Un membre d'Unité Radicale, dissoute après l'attentat, mais reconstitué illégalement sous le nom de Bloc Identitaire, dont le mouvement de jeunesse jusqu'en 2016 était... Génération Identitaire.",Brunerie dans une manif d'extrême droite ça ne s'invente pas.,"Tentative de meurtre du président et quelques années plus tard le gars est dehors justice laxiste, taubira démission  \n\n&#x200B;\n\n/s",L'identito-droitisme gangrène la société,Les fameuses chemises brune(rie)s,Comment un terroriste peut il circuler librement comme ça? Ce type est un traître à la démocratie française,"Pertinence/20 ?\nJe veux dire, ça prouve quoi au juste ?\nSi dans les manifs de la victoire de la CDM 2018 y'avait des pedo il ne faut plus regarder le foot ?","Y'avait pas un autre lien que taha bouafs, franchement... Il est du même niveau que Damien rieu mais à gauche, un gros cancer","D'accord, certes. Et alors? Je veux dire, s'il n'est pas en prison et qu'il a le droit d'être là, ou est le problème ?","Triste. Quitte à avoir un assassin dans ses manifestations, autant en avoir un qui a réussi son coup, la gauche savait le faire avec Rouillan.\n\nPas de rage de mon qu'enestilisme.","Entre Brunerie et Bouhafs, c'était clairement pas un rassemblement de génies.","Avant que ce non-évènement ne devienne un argument des whataboutistes sur la dangerosité de l'extrême droite pour faire oublier les joies de l'islamisme, précisons que le damoiseau en question rêvait surtout d'un suicide par policier et qu'il a déclaré à son procès que [Le Pen aurait fait une meilleure cible](https://fr.wikipedia.org/wiki/Maxime_Brunerie#L'attentat_manqu%C3%A9_et_la_condamnation).","Je cite l'un des commentaires Twitter : ""Compte créé en février 2021, premier tweet il y a 6 jours, photo d'une qualité dégueulasse comme si tirée d'une vidéo, et pas de photo de lui DANS la manif. À moins que quelqu'un en ait une, prudence quand même, ça pourrait être un fake""\n\nQuel professionnalisme de la part de Taha Bouhafs de relayer ça !",[deleted],"""Un bon président c'est un président mort, il y a pas de miracle si on a raté Chirac sur les champs""",Je vais me barrer de ce groupe de coco,,,,,,,,,,,,,,,,,,,,,,,,,,,,,,,
64d33e2a52cfbeeea921012d,"En ce jour de 1932, le président Jacques Chirac est né.",,1,"Bienvenue sur r/discussion_patiente! Rappel : dans ce forum, **commenter demande de suivre certaines étapes :**\n\n1. **Déclarer** votre intention de commenter en publiant un _**pré-commentaire**_ contenant uniquement la lettre **`R`**. _(Ce commentaire ne sera pas visible des autres.)_\n\n2. **Attendre 24h** ou plus (vous recevrez un rappel).\n\n3. Vous pourrez alors **publier un nouveau commentaire avec votre vraie réponse** au même endroit.\n\nLes commentaires ne respectant pas le délai de 24h seront supprimés automatiquement.\n\n**NOTE:** puisque l'étape 3 n'est pas obligatoire, des pré-commentaires peuvent aussi être utilisés pour se **programmer un rappel** de retourner voir la discussion dans 24h.\n\n[Plus d'informations](https://www.reddit.com/r/discussion_patiente/comments/f9aka4/bienvenue_sur_rdiscussion_patiente/) sur le fonctionnement de ce forum.\n\n*I am a bot, and this action was performed automatically. Please [contact the moderators of this subreddit](/message/compose/?to=/r/discussion_patiente) if you have any questions or concerns.*",,,,,,,,,,,,,,,,,,,,,,,,,,,,,,,,,,,,,,,,,,,,,,https://i.redd.it/jyl2m5875w2a1.jpg
64d33e2b52cfbeeea921012e,Décès de Sidiya Ndiaye: Le Président du CESE annonce la date de la levée du corps,,0,,,,,,,,,,,,,,,,,,,,,,,,,,,,,,,,,,,,,,,,,,,,,,,
64d33e2c52cfbeeea921012f,"Le groupe Scor a annoncé le décès à 71 ans de Denis Kessler, emblématique président du réassureur depuis 2002, et numéro 2 du Medef de 1998 à 2002 #AFP https://t.co/Is1UF3TXKf",,0,,,,,,,,,,,,,,,,,,,,,,,,,,,,,,,,,,,,,,,,,,,,,,,
64d33e2d52cfbeeea9210130,Décès de Pape Demba Ndiaye : Le message du président Macky Sall,,0,,,,,,,,,,,,,,,,,,,,,,,,,,,,,,,,,,,,,,,,,,,,,,,
64d33e2e52cfbeeea9210131,Emmanuel Macron est le premier président à être réélu depuis Jacques Chirac en 2002.,"Un second mandat a été remporté par Emmanuel Macron après avoir battu son adversaire, la dirigeante d'extrême droite Marine Le Pen, au second tour des élections présidentielles.\n\nSelon les estimations, Macron a recueilli 58,2 voix contre 41,8 pour son adversaire, confirmant les attentes des sondages qui ont unanimement reconnu que le président sortant était le favori à l'issue du premier tour de l'élection présidentielle. \n\nMalgré sa réélection, Emmanuel Macron ne passera au mieux que 10 ans à l’Élysée, derrière François Mitterrand et ses deux septennats (14 ans), Jacques Chirac (12 ans) et Charles de Gaulle (10 ans et trois mois).\n\n[https://lafrenchattitude.blogspot.com/2022/04/emmanuel-macron-est-le-premier.html](https://lafrenchattitude.blogspot.com/2022/04/emmanuel-macron-est-le-premier.html)\n\nhttps://preview.redd.it/m3h4u5p0unv81.jpg?width=1656&format=pjpg&auto=webp&s=98ac3cb7a3244d6c257f8766d231c0366a1c4b00",1,Tchor,,,,,,,,,,,,,,,,,,,,,,,,,,,,,,,,,,,,,,,,,,,,,,
64d33e2f52cfbeeea9210132,Emmanuel Macron est le premier président à être réélu depuis Jacques Chirac en 2002.,"Un second mandat a été remporté par Emmanuel Macron après avoir battu son adversaire, la dirigeante d'extrême droite Marine Le Pen, au second tour des élections présidentielles.\n\nSelon les estimations, Macron a recueilli 58,2 voix contre 41,8 pour son adversaire, confirmant les attentes des sondages qui ont unanimement reconnu que le président sortant était le favori à l'issue du premier tour de l'élection présidentielle. \n\nMalgré sa réélection, Emmanuel Macron ne passera au mieux que 10 ans à l’Élysée, derrière François Mitterrand et ses deux septennats (14 ans), Jacques Chirac (12 ans) et Charles de Gaulle (10 ans et trois mois).\n\n[https://lafrenchattitude.blogspot.com/2022/04/emmanuel-macron-est-le-premier.html](https://lafrenchattitude.blogspot.com/2022/04/emmanuel-macron-est-le-premier.html)\n\nhttps://preview.redd.it/7dqe7xhztnv81.jpg?width=1656&format=pjpg&auto=webp&s=4b0f2f811e63c10a8681b84567ecfe88435ec7c0",0,,,,,,,,,,,,,,,,,,,,,,,,,,,,,,,,,,,,,,,,,,,,,,,
64d33e3052cfbeeea9210133,Emmanuel Macron est le premier président à être réélu depuis Jacques Chirac en 2002.,"Un second mandat a été remporté par Emmanuel Macron après avoir battu son adversaire, la dirigeante d'extrême droite Marine Le Pen, au second tour des élections présidentielles.\n\nSelon les estimations, Macron a recueilli 58,2 voix contre 41,8 pour son adversaire, confirmant les attentes des sondages qui ont unanimement reconnu que le président sortant était le favori à l'issue du premier tour de l'élection présidentielle. \n\nMalgré sa réélection, Emmanuel Macron ne passera au mieux que 10 ans à l’Élysée, derrière François Mitterrand et ses deux septennats (14 ans), Jacques Chirac (12 ans) et Charles de Gaulle (10 ans et trois mois).\n\n[https://lafrenchattitude.blogspot.com/2022/04/emmanuel-macron-est-le-premier.html](https://lafrenchattitude.blogspot.com/2022/04/emmanuel-macron-est-le-premier.html)\n\nhttps://preview.redd.it/0bdsjx8ytnv81.jpg?width=1656&format=pjpg&auto=webp&s=34eccebb4d0fd15f4b41942b53602df7779bff56",0,,,,,,,,,,,,,,,,,,,,,,,,,,,,,,,,,,,,,,,,,,,,,,,
64d33e3152cfbeeea9210134,"AUJOURD'HUI: 6 mai 2001, décès du juge Laity Kama, premier président du Tribunal pénal international pour le Rwanda",,0,,,,,,,,,,,,,,,,,,,,,,,,,,,,,,,,,,,,,,,,,,,,,,,
64d33e3552cfbeeea9210135,".@ZemmourEric : ""Je n’ai jamais dit que le Maréchal Pétain avait protégé les juifs pendant la guerre. J’ai dit qu’il avait protégé les juifs français. Je célébrerai normalement la rafle du Vel d’Hiv. Je considère que Jacques Chirac a eu tort de faire ce discours."" #Elysée2022",,453,"C'est un O'Tacos ici, monsieur.","Euh... vous vouliez dire «commémorer», Monsieur ? Monsieur ?!?","\n> Je célébrerai normalement la rafle du Vel d’Hiv\n\nAvec un t-shirt ""Bousquet n'a rien fait de mal"" ?",[Le discours de Jacques Chirac](https://www.lefigaro.fr/politique/le-scan/2014/03/27/25001-20140327ARTFIG00092-le-discours-de-jacques-chirac-au-vel-d-hiv-en-1995.php),"Bon, je vais me recoucher, c'est trop pour moi d'attaquer par ça un lundi matin.","Jacques Chirac a eu raison de faire ce discours car la Police qui rafle en 42 est la même qui prend les armes deux ans plus tard. La Justice qui condamne des résistants en 42 est la même qui juge les collaborateurs en 45. Il y a une continuité administrative sur toute la période, l'épuration a été timide car dans un pays aussi structuré par la puissance publique que le nôtre, une véritable purge impliquait la guerre civile puis une occupation américaine. C'est très moche, il faut l'assumer.","Un truc que je comprendrais jamais, c'est cette fixette sur Pétain. Tout le monde sait que Pétain est un immonde salopard, à quoi bon s'accrocher tant bien que mal a cette figure ?","Le candidat à la présidentielle est un juif pétainiste et soutenu par tous les fachos antisémites, c'est quand même une grosse timeline de merde. Merci les média.",MLP est maintenant passée à gauche tellement Zemmour a étiré l'extrême droite.,"J'me demande si ce thread ça va être comme celui sur le debunk de Zemmour par des historiens, avec plein de gens qui vont sortir de nulle part nous expliquer qu'en fait avec le contexte c'est différent, et que selon machin Zemmour à raison, et que à gauche ils disent aussi des conneries.\n\nHistoire qu'on refasse un fil illisible de 500 commentaires ou tout le monde à oublié l'essentiel : Zemmour est une grosse merde.","Donc en 2022, on a un candidat pétainiste à l'élection présidentielle à plus de 10% dans les sondages.","Si j'essaye de récapituler toutes les mesures et interventions de Zemmour dans son programme qui font de lui un fasciste. Il veut:\n\n- Détruire la hierarchie des normes (ignorer les traité internationnaux et réduire les pouvoirs du conseil constitutionnel)\n\n- Autoriser les policiers à tirer à vue sur les délinquants (retirer le principe de proportionalité de la réponse en cas d'incivilités)\n\n- Glorification et nostalgie d'une France passée qui n'a jamais vraiment existé.\n\n- Stigmatisation d'une partie de la population comme la source de tous les maux\n\n- Réhabilitation de toutes les figures historiques racistes (Petain, Papon, le tribunal ayant condamné Dreyfus, etc).\n\nCa commence à faire beaucoup. Le pire c'est que je trouve qu'il passe très bien à la télé, il répond aux questions, explique bien son raisonnement, ne fait pas de langue de bois, se montre synthétique et clair. J'arriverai presque à le trouver sympathique et ça le rend particulièrement dangereux à mes yeux.",Il semble oublier que parmis les juifs déportés il y avait une proportion de français d'après une vidéo de debunkage de ses propos,"""Non mais il dit ça dans un contexte précis""\n\nOuais ouais aller les nazes maintenant faut arrêter de supporter un révisionniste à deux balles\n\nÇa me fait penser à un mec IRL qui avait sorti que Petain était un réaliste","Facile de les protéger quand on a retiré la nationalité française à tout plein de juifs (Algérie, ceux naturalisés après 1927, etc) *avant* de les envoyer dans des camps.",Bon on peut dire que ce mec est un danger pour la démocratie où on va encore me dire que de vilains historiens (de gauche évidemment comme tous les universitaires) détournent ses propos ?,"Bon, admettons que quand bien même ce clown maléfique ait raison sur ce point. Ça voudrait dire que Pétain a délibérément sacrifié des personnes ayant trouvé refuge en France, et qui lui faisaient confiance pour protéger leur vie. Donc ça ne changerait rien au fait que Pétain ait fait honte à la patrie, non ? \n\nMaintenant en sachant que ce délire c'est plus ou moins sa fanfiction personnelle pour justifier son adhésion à la doctrine de Vichy malgré ses origines, et que même dedans Pétain reste un immonde salaud, c'est quoi son excuse pour le soutenir en se réclamant en même temps du Général de Gaulle ?","non, il y avait pas de volontés de protêger les juifs français, sinon ils auraient fait bien plus dans ce sens et en plus, si l'allemagne avait gagné, ils serraient envoyé dans les camps et ça ne rend pas le régime plus sympathique car il y a toujours participation à l'holocauste du régime","Faudrait que Zemmour choisisse son approche historiographique. C'est quand même curieux qu'il nous bassine en permanence avec le roman national, sauf quand ça concerne Pétain.","""Célébrer""",Zemmour est un néonazi. Point.,La chute libre,J'ai du mal a voir ce qu'il peut gagner en s'exprimant sur ce sujet,Debunkage sur Pétain et Vichy qui a protègé les juifs français.\n\nhttps://m.youtube.com/watch?v=QR3BCuJwjA4\n\nA 31 minute 15.,pourquoi donner la parole à ce menteur ... \n\nil n'a aucune chance d'être élu il est juste là pour diffuser ses idées et semer la haine dans la population,"Bien pratique pour le fils de pétain, d'ignorer les déchéances de nationalité. \n\nhttps://laviedesidees.fr/La-decheance-de-nationalite-sous-Petain.html\n\nhttps://fr.wikipedia.org/wiki/Loi_du_22_juillet_1940",Un petite vidéo pour faire le point sur cette série choses qu’il raconte:\n\nhttps://m.youtube.com/watch?v=QR3BCuJwjA4&fbclid=IwAR3DQEIdqjcn8hfKN34sRX8Bt2cGfd5TCgwXwQFn9ileioHNlzJo4zR2070,"Oui, mais c'est important pour la démocratie qu'il puisse s'exprimer vous voyez \\s",Il n'est pas lui-même juif Zemour ?,"Quand l’anniversaire du Vel d’Hiv tombe un jeudi, Zemmour fait le pont.","Mais comment on peut tenir un discours aussi abject. \nPétain avait pour projet de tuer tous les juifs au monde, en collaboration avec les nazis. Il a choisi de commencer par les étrangers, dont ceux qu'il avait privé de leur nationalité française, avant de terminer par les juifs Français. Et il n'en a été empêché que par la défaite de l'axe qu'il soutenait pourtant militairement. \n\nDonc dire que Pétain à sauvé des juifs c'est comme dire que Marc Dutroux a sauvé Sabine Dardenne",Arretez de parlé de zemmour. IL VA PAS ETRE PRESIDENT.,Ouais bon fin du game c'est bon maintenant on arrête de parler de lui ?,"Les francais tendent a minimiser vichy, mais il faut voir ce que c'était, une guerre civil. Qui plus est le gouvernement français est le seul gouvernement qui a collabore avec les nazis. Les autres  ont fuit en Angleterre ou ailleur, les nazis ont du mettre un gouvernement de substitution non légitime au pouvoir. Mais pas en France, en France c'est le gouvernement légitime, guidé par petain qui a volontairement collaboré . Il faut lire Rovert Paxton pour se rendre compte de ce qu'était vichy, et pourquoi les français, encore aujourd'hui nient la réalité de ce régime.","Est ce qu'on peut arrêter avec ce débat à la con tranché depuis un moment ? Ca fait mal au cul de le dire, mais Zemmour a raison et ça a été confirmé par Paxton dans une interview récente au Monde :\n\nEcoutez à partir de 3min45, il n'y a strictement aucune ambiguité surle fait qu'il y a bien eu à un moment donné une forme de protection des juifs français par Vichy (pas par bonté d'âme, mais pour préserver leur image de souveraineté) :\n\nhttps://www.lemonde.fr/societe/video/2021/12/02/vichy-et-les-juifs-l-historien-robert-o-paxton-repond-a-eric-zemmour-dans-un-rare-entretien-au-monde_6104444_3224.html","Haha l'histoire: Je vais vous en apprendre une bonne: Pétain a ""dirigé"" la France pendant l'occupation.\n\nUne autre : 1 français sur 1000 a résisté durant l'occupation.\n\nConclusion: 999 français étaient....\n\nC'est marrant de refaire l'histoire sous occupation.",Le maréchal a protégé les juifs français a qui il a fait retirer la nationalité avant de les livrer aux nazis ou pas ? Là est la vraie question...,On a encore le candidat raciste multirécidiviste adoubé par Bolloré qui vient nous dire de la merde à ce que je vois?,"Tu m as intrigué et après recherche\n\nL'un des plus illustres séducteurs de l'époque est le général Philippe Pétain. Les femmes sont folles de lui et le poursuivent jusque sur le front, pendant la Grande Guerre. Jusqu'à un âge très avancé, il continuera de leur rendre hommage. Cela permet de mieux comprendre l'idolâtrie dont a bénéficié le Maréchal pendant le deuxième conflit mondial",Courage à Zemmour !,"Pétain il protegeait les juifs en leur payant un train et en les mettant sous terre, comme ça les allemands les trouvaient pas. Après, l'administration faisait des petites fiches de dossier juif (comme on en voit plein sur Twitter partagé par de la famille) où elle dit que un tel Cohen est mort, puis elle les donnait aux nazis qui les cherchaient plus. Et à la Libération, hop, les nazis avaient pas trouvés les juifs puisque l'administration de Pétain s'en etait occupé. Trop fort",Exactement ce que Macron à besoin.,Il a 500 signature lui ou pas encore parceque j’ai l’impression qui bat de l’air….,"hmmm je pense qu'il n'a pas une vue que un President de la republic doit avoir.\n\n&#x200B;\n\nj'apprends francais maintenant, pardonnez ma grammaire svp","Ah ouais, quand même.","Non mais les gens. Écoutez la vidéo, le ton, et les nuances. C’est beaucoup plus détaillé et clairement pas le message que ce tweet veut faire passer.",
64d33e3552cfbeeea9210136,"Bernadette Chirac masquée et en fauteuil roulant : rare apparition de l'ancienne Première dame Depuis le décès de Jacques Chirac, Bern... #apparition #bernadette #chirac #dame #fauteuil #lancienne #masquée #premiere #rare #roulant",,0,,,,,,,,,,,,,,,,,,,,,,,,,,,,,,,,,,,,,,,,,,,,,,,
64d33e3652cfbeeea9210137,"Hier à la manifestation en soutien à génération identitaire était présent Maxime Brunerie le terroriste d’extrême droite qui, le 14 juillet 2002 avait tiré à la carabine 22 long rifle sur le président Jacques Chirac",,0,,,,,,,,,,,,,,,,,,,,,,,,,,,,,,,,,,,,,,,,,,,,,,,
64d33e3652cfbeeea9210138,"Hier à la manifestation en soutien à génération identitaire était présent Maxime Brunerie le terroriste d’extrême droite qui, le 14 juillet 2002 avait tiré à la carabine 22 long rifle sur le président Jacques Chirac",,1,[https://youtu.be/nKN20VS3e8U?t=234](https://youtu.be/nKN20VS3e8U?t=234)\n\nou ?\n\n  Fact Checking,,,,,,,,,,,,,,,,,,,,,,,,,,,,,,,,,,,,,,,,,,,,,,
64d33e3652cfbeeea9210139,"Décès de Jean-Jacques Sempé, le dessinateur du ""Petit Nicolas""",,5,"Le seul livre que me lisait mon père, j'ai adoré","Mince, je me souviens me balader avec un gros livre (taille dictionnaire) du petit Nicolas quand j'étais en primaire, j'adorais les petits dessins dedans.",Triste de la disparition de ce poète graphique,Quid du petit Gregory ?,,,,,,,,,,,,,,,,,,,,,,,,,,,,,,,,,,,,,,,,,,,
64d33e3752cfbeeea921013a,"(Monde) L’ex-présidente du Parlement européen et ex-ministre Nicole Fontaine est morte | Députée européenne pendant vingt ans et ministre déléguée à l’industrie au sein du gouvernement de Jean-Pierre Raffarin, sous la présidence de Jacques Chirac (2002-2004), elle était âgée de 76 ans.",,0,,,,,,,,,,,,,,,,,,,,,,,,,,,,,,,,,,,,,,,,,,,,,,,
64d33e3852cfbeeea921013b,"Les Nations unies ont déploré les violences et demandé une enquête sur les décès au Tchad lors d'affrontements jeudi entre police et manifestants, réunis à l'appel de l'opposition contre le maintien au pouvoir du président Mahamat Idriss Déby Itno #AFP https://t.co/YtpZaRjEXD",,0,,,,,,,,,,,,,,,,,,,,,,,,,,,,,,,,,,,,,,,,,,,,,,,
64d33e3952cfbeeea921013c,"(Monde) Vous, président : cinq idées de vacances (du pouvoir) | Gravir la roche de Solutré sur les traces de François Mitterrand ou déambuler au milieu des centaines de cadeaux reçus par Jacques Chirac à Sarran : découvrez des lieux de pouvoir pas comme les autres.",,0,,,,,,,,,,,,,,,,,,,,,,,,,,,,,,,,,,,,,,,,,,,,,,,
64d33e3a52cfbeeea921013d,"Décès de M. Jacques R. Saadé, Président Fondateur du Groupe CMA CGM",,2,Wow I didn't know the company was founded by a Lebanese guy.,RIP,,,,,,,,,,,,,,,,,,,,,,,,,,,,,,,,,,,,,,,,,,,,,
64d33e3b52cfbeeea921013e,"(Monde) 2007, Jacques Chirac, le silence | Président, la vie d’après (4/6). En mai 2007, le rideau tombe sur quarante années de vie politique. Après son départ de l’Elysée, l’ancien chef de l’Etat, rattrapé par les affaires, ne dit rien, ou si peu.",,0,,,,,,,,,,,,,,,,,,,,,,,,,,,,,,,,,,,,,,,,,,,,,,,
64d33e3c52cfbeeea921013f,"Saint-Denis, 21 jan 2023 (AFP) - La préparation de la Coupe du monde de rugby 2023 en France est ""complètement en trajectoire"" malgré la multiplication d'affaires touchant son comité d'organisation, ""qui sont derrière nous"", a assuré samedi à l'AFP le président du comité d'organisation Jacques",,0,,,,,,,,,,,,,,,,,,,,,,,,,,,,,,,,,,,,,,,,,,,,,,,
64d33e3d52cfbeeea9210140,"Saint-Denis, 21 jan 2023 (AFP) - La préparation de la Coupe du monde de rugby 2023 en France est ""complètement en trajectoire"" malgré la multiplication d'affaires touchant son comité d'organisation, ""qui sont derrière nous"", a assuré samedi à l'AFP le président du comité d'organisation Jacques",,0,,,,,,,,,,,,,,,,,,,,,,,,,,,,,,,,,,,,,,,,,,,,,,,
64d33e3e52cfbeeea9210141,"(Figaro) Jacques Chirac, les promesses de campagne ne durent qu'un été… | PREMIÈRES VACANCES DE PRÉSIDENT (5/7) - Dès le mois d'août 1995, le champion de la lutte contre la fracture sociale comprend qu'il va devoir tourner le dos à ses engagements électoraux.",,0,,,,,,,,,,,,,,,,,,,,,,,,,,,,,,,,,,,,,,,,,,,,,,,
64d33e3f52cfbeeea9210142,(Figaro) Une avenue Jacques Chirac bientôt inaugurée en Corrèze | LE SCAN POLITIQUE - Bernadette Chirac doit se rendre à Brive-la-Gaillarde ce vendredi à l'occasion de cet événement. C'est une première pour l'ancien président de la République.,,0,,,,,,,,,,,,,,,,,,,,,,,,,,,,,,,,,,,,,,,,,,,,,,,
64d33e4052cfbeeea9210143,"Décès de M. Jacques R. Saadé, Président Fondateur du Groupe CMA CGM",,1,"C'est lui qui a fait construire cette grande tour qui a défiguré la baie, et est restée aux ~~2/3~~ tiers vide malgré les locations de la mairie pour la remplir, avant d'être rejointe par deux autres tours qui même terminées, ont l'air en chantier ?\n\n~~J'espère qu'il a souffert longtemps avant de crever.~~",,,,,,,,,,,,,,,,,,,,,,,,,,,,,,,,,,,,,,,,,,,,,,
64d33e4152cfbeeea9210144,"(Monde) Philippe de Villiers, la tentation FN | Il était rénovateur avec Bayrou et Fillon, puis ministre de Jacques Chirac. Aujourd’hui, le cœur de l’ex-député et président de la Vendée bat pour la famille Le Pen.",,0,,,,,,,,,,,,,,,,,,,,,,,,,,,,,,,,,,,,,,,,,,,,,,,
64d33e4252cfbeeea9210145,Jacques Chirac - Je serais le président de tous les français (samba remix),,1,Hé! Pourquoi pas :),,,,,,,,,,,,,,,,,,,,,,,,,,,,,,,,,,,,,,,,,,,,,,
64d33e4352cfbeeea9210146,"AUJOURD'HUI: 6 août 2018, décès du général Amadou Aly Dieng, ancien président de l'ONEL",,0,,,,,,,,,,,,,,,,,,,,,,,,,,,,,,,,,,,,,,,,,,,,,,,
64d33e4452cfbeeea9210147,"(Figaro) François Baroin, les élans et les silences d'un anti-Macron | Le « jeune » Baroin, longtemps dans la roue de présidents - Jacques Chirac puis Nicolas Sarkozy - a aujourd'hui changé de dimension.",,0,,,,,,,,,,,,,,,,,,,,,,,,,,,,,,,,,,,,,,,,,,,,,,,
64d33e4552cfbeeea9210148,Expo Voitures de Présidents. Jacques Chirac: Peugeot 607 et Citroën C6,,13,La C6 une voiture incroyable pas assez reconnue,C’est risqué ça de poster des voitures sur r/France, C est à Puteaux?,,,,,,,,,,,,,,,,,,,,,,,,,,,,,,,,,,,,,,,,,,,,https://i.redd.it/ob479my53qb91.jpg
64d33e4652cfbeeea9210149,"(Figaro) Vous souvenez-vous de Jacques Chirac maire de Paris ? | QUIZ - Il y a quarante ans, l'ancien président de la République était élu maire de Paris, le premier depuis 1871. A cette occasion, Le Figaro vous propose de tester vos connaissances sur le Paris de Chirac.",,0,,,,,,,,,,,,,,,,,,,,,,,,,,,,,,,,,,,,,,,,,,,,,,,
64d33e4752cfbeeea921014a,Le masque du démon japonais sosie de Jacques Chirac arrive au Quai Branly,,32,Imaginez le guerrier Samurai qui porte ce masque tranchant ses ennemies .. \n\n,"En fait, il ressemble incroyablement à sa marionnette des Guignols.",C'est quand même les boules parce que je me mets à regretter Chirac... j'aurais jamais cru à l'époque.,Le comble reste que c'est Chirac lui-même qui a demandé la création de ce musée...,> Jacques Chirac ou le dialogue des cultures\n\nAll of my wat.,,,,,,,,,,,,,,,,,,,,,,,,,,,,,,,,,,,,,,,,,,
64d33e4852cfbeeea921014b,La visite de Bolsonaro au Suriname et Guyana écourtée après le décès de la mère du président brésilien,,0,,,,,,,,,,,,,,,,,,,,,,,,,,,,,,,,,,,,,,,,,,,,,,,
64d33e4852cfbeeea921014c,La visite de Bolsonaro au Suriname et Guyana écourtée après le décès de la mère du président brésilien,,0,,,,,,,,,,,,,,,,,,,,,,,,,,,,,,,,,,,,,,,,,,,,,,,
64d33e4a52cfbeeea921014d,"Huit Rois : raconter Jacques Chirac et Mitterrand sur scène, réinvestir la fonction politique du théâtre",,0,,,,,,,,,,,,,,,,,,,,,,,,,,,,,,,,,,,,,,,,,,,,,,,
64d33e4a52cfbeeea921014e,"Nécrologie : Décès d’El Hadji Maodo Sarr, le président de la Chambr...",,0,,,,,,,,,,,,,,,,,,,,,,,,,,,,,,,,,,,,,,,,,,,,,,,
64d33e4c52cfbeeea921014f,Décès de trois Sénégalais à la Mecque : La réaction du président Macky Sall,,0,,,,,,,,,,,,,,,,,,,,,,,,,,,,,,,,,,,,,,,,,,,,,,,
64d33e4c52cfbeeea9210150,"Décès de 15 migrants sénégalais, le président Macky Sall réagit",,0,,,,,,,,,,,,,,,,,,,,,,,,,,,,,,,,,,,,,,,,,,,,,,,
64d33e4e52cfbeeea9210151,Le président du Département choisit le CHG Jacques Salin pour décliner les orientations de sa politique en faveur des personnes âgées,,0,,,,,,,,,,,,,,,,,,,,,,,,,,,,,,,,,,,,,,,,,,,,,,,
64d33e4f52cfbeeea9210152,Décès d'une quinzaine de sénégalais dans la mer: Le président Mack...,,0,,,,,,,,,,,,,,,,,,,,,,,,,,,,,,,,,,,,,,,,,,,,,,,
64d33e5052cfbeeea9210153,Jacques Chirac le 31 mars 2005,,4,"(Je croyais que cette vidéo datait du 1er avril et donc la poster à sa date anniversaire, mais j'étais décalé d'un jour).\n\nVoilà comment se sortir avec le plus d'élégance possible d'un conflit provoqué par un abus de 49.3 sur une loi *totalement* impopulaire (encore que légèrement moins que celle sur les retraites). Manu (oui tout le monde sait que tu lurkes sur /r/france), prends-en de la graine.",au moins il a fait un compromis...,,,,,,,,,,,,,,,,,,,,,,,,,,,,,,,,,,,,,,,,,,,,,
64d33e5052cfbeeea9210154,"Décès de Cheikh Landing Marone joueur de l'AS Pikine : la réaction du Président de la Fédération de Football, Augustin Senghor",,0,,,,,,,,,,,,,,,,,,,,,,,,,,,,,,,,,,,,,,,,,,,,,,,
64d33e5252cfbeeea9210155,"Ayant appris le décès par accident des 3 journalistes de Leral, le Président Macky SALL s’est rendu sur les lieux du drame – images",,0,,,,,,,,,,,,,,,,,,,,,,,,,,,,,,,,,,,,,,,,,,,,,,,
64d33e5352cfbeeea9210156,Décès du président du Cosim : le Premier ministre Patrick Achi présente les condoléances du gouvernement à la communauté musulmane,,0,,,,,,,,,,,,,,,,,,,,,,,,,,,,,,,,,,,,,,,,,,,,,,,
64d33e5452cfbeeea9210157,"Macky Sall: “Le décès du Maréchal du Tchad, le Président Idriss Deby Itno, est une triste nouvelle”",,0,,,,,,,,,,,,,,,,,,,,,,,,,,,,,,,,,,,,,,,,,,,,,,,
64d33e5552cfbeeea9210158,"Jacques Chirac, le fossoyeur du gaullisme",,1,"Marianne, le fossoyeur du journalisme.",,,,,,,,,,,,,,,,,,,,,,,,,,,,,,,,,,,,,,,,,,,,,,
64d33e5652cfbeeea9210159,"Macky Sall: “Le décès du Maréchal du Tchad, le Président Idriss Deby Itno, est une triste nouvelle”",,0,,,,,,,,,,,,,,,,,,,,,,,,,,,,,,,,,,,,,,,,,,,,,,,
64d33e5752cfbeeea921015a,Expo Voitures de Présidents. Jacques Chirac: Peugeot 607 et Citroën C6,,1,"Bienvenue sur r/discussion_patiente! Rappel : dans ce forum, **commenter demande de suivre certaines étapes :**\n\n1. **Déclarer** votre intention de commenter en publiant un _**pré-commentaire**_ contenant uniquement la lettre **`R`**. _(Ce commentaire ne sera pas visible des autres.)_\n\n2. **Attendre 24h** ou plus (vous recevrez un rappel).\n\n3. Vous pourrez alors **publier un nouveau commentaire avec votre vraie réponse** au même endroit.\n\nLes commentaires ne respectant pas le délai de 24h seront supprimés automatiquement.\n\n**NOTE:** puisque l'étape 3 n'est pas obligatoire, des pré-commentaires peuvent aussi être utilisés pour se **programmer un rappel** de retourner voir la discussion dans 24h.\n\n[Plus d'informations](https://www.reddit.com/r/discussion_patiente/comments/f9aka4/bienvenue_sur_rdiscussion_patiente/) sur le fonctionnement de ce forum.\n\n*I am a bot, and this action was performed automatically. Please [contact the moderators of this subreddit](/message/compose/?to=/r/discussion_patiente) if you have any questions or concerns.*",,,,,,,,,,,,,,,,,,,,,,,,,,,,,,,,,,,,,,,,,,,,,,https://i.redd.it/ob479my53qb91.jpg
64d33e5852cfbeeea921015b,"DAROU SALAM TYP/ Le Khalife des Mourides reçoit la délégation du Président, salue ses efforts pour la paix et accepte ses condoléances suite au décès de Serigne Bass Typ.",,0,,,,,,,,,,,,,,,,,,,,,,,,,,,,,,,,,,,,,,,,,,,,,,,
64d33e5952cfbeeea921015c,"Outre-mer 2022 : ""Depuis Jacques Chirac, l’Outre-mer est complétement négligée par les présidents de la République"", estime Nicolas Dupont-Aignan - Outre-mer la 1ère",,0,,,,,,,,,,,,,,,,,,,,,,,,,,,,,,,,,,,,,,,,,,,,,,,
64d33e5952cfbeeea921015d,"Macky Sall exprime son “émotion” après le décès de l’ex président du Mali, Moussa Traoré",,0,,,,,,,,,,,,,,,,,,,,,,,,,,,,,,,,,,,,,,,,,,,,,,,
64d33e5b52cfbeeea921015e,(Monde) Exposition : l’art au temps des colonies | Le Musée du quai Branly-Jacques Chirac montre l’évolution du regard occidental sur les territoires lointains.,,0,,,,,,,,,,,,,,,,,,,,,,,,,,,,,,,,,,,,,,,,,,,,,,,
64d33e5c52cfbeeea921015f,"C’est avec tristesse que nous avons appris le décès de M. Denis Baillargé, président de la Ligue de hockey Midget AAA du Québec, un homme dévoué au développement du hockey mineur. Sincères condoléances à la famille de M. Baillargé de la part de l'organisation des Canadiens.",,1,[Translation](https://translate.google.com/translate?sl=fr&tl=en&u=https%3A%2F%2Ftwitter.com%2Fcanadiensmtl%2Fstatus%2F1031944013102960640%3Fs%3D21)\n\n[Alternate link](http://www.microsofttranslator.com/bv.aspx?from=fr&to=en&a=https%3A%2F%2Ftwitter.com%2Fcanadiensmtl%2Fstatus%2F1031944013102960640%3Fs%3D21),,,,,,,,,,,,,,,,,,,,,,,,,,,,,,,,,,,,,,,,,,,,,,
64d33e5d52cfbeeea9210160,"Outre-mer 2022 : ""Depuis Jacques Chirac, l’Outre-mer est complétement négligée par les présidents de la République"", estime Nicolas Dupont-Aignan - Outre-mer la 1ère",,0,,,,,,,,,,,,,,,,,,,,,,,,,,,,,,,,,,,,,,,,,,,,,,,
64d33e5e52cfbeeea9210161,"BRAVO!!! le Président ADO, annonce le décès du Franc CFA",,0,,,,,,,,,,,,,,,,,,,,,,,,,,,,,,,,,,,,,,,,,,,,,,,
64d33e5f52cfbeeea9210162,(Figaro) Présidentielle 1981: François Mitterrand installe l'alternance | HISTOIRE DE PRÉSIDENTIELLES (4/9) - Le premier secrétaire du Parti socialiste est élu président à la troisième tentative. Grâce à l'accord secret passé avec Chirac.,,0,,,,,,,,,,,,,,,,,,,,,,,,,,,,,,,,,,,,,,,,,,,,,,,
64d33e5f52cfbeeea9210163,"(Figaro) L'étonnante mue de Jacques Toubon, du RPR à la défense acharnée des migrants | LE SCAN POLITIQUE - Défenseur des droits depuis 2014, l'ancien ministre de Jacques Chirac dénonce régulièrement la politique d'asile du gouvernement. Une posture qui tranche avec ses antécédents.",,0,,,,,,,,,,,,,,,,,,,,,,,,,,,,,,,,,,,,,,,,,,,,,,,
64d33e6152cfbeeea9210164,"(Monde/Afr) Les Fôrets natales investissent le Musée du quai Branly | Cette exposition parisienne a lieu jusqu’au 21 janvier au Musée du quai Branly, Jacques Chirac.",,0,,,,,,,,,,,,,,,,,,,,,,,,,,,,,,,,,,,,,,,,,,,,,,,
64d33e6252cfbeeea9210165,"(Figaro) Les ex-ministres de Chirac Breton et Méhaignerie rejoignent Macron | Respectivement chargés de la Justice entre 1993 et 1995, et de l'Économie entre 2005 et 2007, le maire UDI de Vitré et le président du groupe informatique Atos viennent tout juste de sortir du bois.",,0,,,,,,,,,,,,,,,,,,,,,,,,,,,,,,,,,,,,,,,,,,,,,,,
64d33e6452cfbeeea9210166,La chanteuse Izïa visée par la justice azuréenne après avoir évoqué le lynchage du président de la République,,249,"Ouais bon, venant d'une ""fille de"" qui a un peu de carrière derrière elle, elle risque pas grand chose. Le discours est un peu gênant mais le message est là.\n\nN'empêche ça va faire la 2e fois qu'un artiste musical critiquant le président en place se fait jarter par excès de zèle des autorités locales. L'autre exemple étant Marc Rebillet. \n\nC'est marrant, j'ai un vague souvenir pendant les années Sarko de pas mal d'artistes hyper critiques du gouvernement de droite de l'époque, et j'ai pas eu l'impression que les réactions aient été aussi pisse-froids. Je peux me tromper, j'ai pas d'exemples en tête.",Je croyais qu'on était Charlie ?,"https://preview.redd.it/3gknm3zejqab1.jpeg?width=754&format=pjpg&auto=webp&s=76bbd54abb8abad81a96b1f9ae3ec25988b2a0e7\n\nBien sûr qu'on a le droit de plaisanter sur sa mort, encore plus dans un espace d'expression artistique, qui est un espace privé. On peut chanter sa mort, on peut danser avec une réplique de son cadavre, on peut faire une pièce de théâtre morbide sur sa personne.\n\nDans un État où la liberté d'expression est respectée.\n\nLes artistes pourchassés par la police ça rappelle la bureaucratie stalinienne et la monarchie administrative.",Comme sur r/France si c’est populaire c’est le sens du vent qu’il faut suivre.,"Hé les gars, venez on arrête d'appeler au meurtre des gens qu'on n'aime pas, ça va nous détendre. Genre on essaye de ne pas fantasmer à voix haute sur le lynchage brutal et sanglant des personnes dont la tête ne nous revient pas, pendant une semaine. Et si ça marche, si ça nous détend et que ça rend nos vies plus apaisées, et bien on prolonge.",Aïe Reddit en sueur après les appels à la haine contre Poutine,"La justice ""azuréenne"" ?\nC'est quoi comme pays ? Azuria ?","C'est d'un mauvais goût certain, mais de là à l'arrêter ...","Un autre article de franceinfo : [https://www.francetvinfo.fr/culture/musique/chanson-francaise/le-derapage-d-izia-contre-emmanuel-macron-aux-nuits-guitare-de-beaulieu-sur-mer-fait-des-vagues\_5938271.html](https://www.francetvinfo.fr/culture/musique/chanson-francaise/le-derapage-d-izia-contre-emmanuel-macron-aux-nuits-guitare-de-beaulieu-sur-mer-fait-des-vagues_5938271.html)\n\nDes spectateurs outrés par les propos d'Izia ont appelé la maréchaussée **pendant le concert** pour qu'elle soit directement accueilli par des gendarmes à sa descente des planches. \n\n Je suis sûr que ceux qui ont eu la délation facile sont pourtant ""Charlie"".\n\nSur un ton plus léger, j'avais écouté son premier album de 2009, j'avais trouvé ça bien chouette à l'époque mais n'ai pas trop suivi après. J'ai plus écouté les zics de son frangin, Arthur H.\n\nCrime de lèse majesté, je connais très bien quelques chanson de leur père, mais en vrai j'en ai moins écouté que du Izia et Arthur H.","NTM, La Rumeur…\n\n\nEspérons que la 17e cours mettra à nouveau à l’amende le pouvoir et défendra la liberté d’expression.","Ça ne mérite certainement pas une arrestation. Mais putain quel niveau, on appelle au lynchage? Ça serait drôle si c’était pas du premier degré.",Ca s’appelle incitation à la haine et presque au meurtre.\nDans ces temps compliqués c est très intelligent de sa part .,"Si être Charlie c'est tolérer les appels à la violence voire à l'assassinat, c'est que beaucoup n'ont pas du tout compris ce qu'était être Charlie.","C'est la littérale apogée du croisement de ce qui se fait de mieux en bourgeoisie bohème qui n'a jamais vécu dans la vie réelle et népo baby qui fantasme sur un lynchage et la violence. \n\nJe suis pas certain que, si un jour ça pète, ces personnes n'aient pas une surprise du côté dans lequel la masse les mettra naturellement."," Il faut bien s'occuper pendant l'été, visiblement ils n'ont pas grand-chose à faire...\n\nQuelle belle bande de clowns.",Pas très Charlie ce maire.,Ferrat et l'ortf en pire,c'est qui ?,"Ah merde, on est plus Charlie ?  \n\n\nOu alors la liberté d'expression c'est que pour les fachos ?",jamais entendu parlé,https://oic.uqam.ca/publications/article/vers-un-terrorisme-stochastique\n\nEt malgré ça  je déteste avec ferveur Macron.,Oh mon Dieu! Elle a proféré un blasphème contre notre président de droit divin.,Bientôt on ne pourra plus faire remarquer sa ressemblance à Winnie l'ourson. Je confond peut être les dictateurs.,"Imaginer Macron en Piñata au-dessus d'une foule, au second degré, ce n'est pas la même chose que d'échafauder un plan pour l'accrocher et le lyncher au-dessus d'une foule. \n\nDans une démocratie les propos tenus ne me choquent pas.",La violence c'est mal et c'est pour ça qu'Emmanuel Macron et son gouvernement n'y ont jamais recours.\n\nSi seulement l'opposition était aussi raisonnable et tempérée que le pouvoir.,"Quand tu insultes et méprises constamment les gens, ce n'est pas anormal qu'ils aient envie de t'en coller une sur le coin de la gueule.\n\nDes fois, ça peut même mal [se terminer](https://youtu.be/sGm492qVEzA)",normal,,,,,,,,,,,,,,,,,,,,
64d33e6552cfbeeea9210167,"(Figaro) Une membre de l'équipe Fillon votera Le Pen pour «battre Macron» | Secrétaire d'État sous Jacques Chirac, députée UMP du Nord jusqu'en 2012, et coordinatrice de la campagne du candidat LR dans le Pas-de-Calais, François Hostalier s'est exprimée «à titre personnel, sans engager le parti».",,0,,,,,,,,,,,,,,,,,,,,,,,,,,,,,,,,,,,,,,,,,,,,,,,
64d33e6552cfbeeea9210168,Jacques Lalié président de la province des îles invité du JT ce dimanche 18 juin à 19h30,,0,,,,,,,,,,,,,,,,,,,,,,,,,,,,,,,,,,,,,,,,,,,,,,,
64d33e6652cfbeeea9210169,"(Monde) Le Musée du quai Branly-Jacques Chirac conte l’histoire d’une collection | Aventure, voyage et exotisme… L’exposition parisienne présente plus de 200 toiles et œuvres sur papier.",,0,,,,,,,,,,,,,,,,,,,,,,,,,,,,,,,,,,,,,,,,,,,,,,,
64d33e6752cfbeeea921016a,"Outre-mer 2022 : ""Depuis Jacques Chirac, l’Outre-mer est complétement négligée par les présidents de la République"", estime Nicolas Dupont-Aignan - Outre-mer la 1ère",,0,,,,,,,,,,,,,,,,,,,,,,,,,,,,,,,,,,,,,,,,,,,,,,,
64d33e6852cfbeeea921016b,"(Figaro) Charles Millon: «Le général François Lecointre ne doit pas accepter n'importe quoi» | LE SCAN POLITIQUE - Ex-ministre de la Défense, sous la présidence de Jacques Chirac (1995-1997), l'animateur du réseau Avant-Garde, accuse le chef de l'État de «plus être en phase» avec la France.",,0,,,,,,,,,,,,,,,,,,,,,,,,,,,,,,,,,,,,,,,,,,,,,,,
64d33e6852cfbeeea921016c,"(Monde) Marine Le Pen choque en déclarant que « la France n’est pas responsable » de la rafle du Vél’d’Hiv | La candidate du FN, opposée à la « repentance », a tenu ces propos vingt-deux ans après un discours historique de Jacques Chirac reconnaissant la responsabilité de la France.",,0,,,,,,,,,,,,,,,,,,,,,,,,,,,,,,,,,,,,,,,,,,,,,,,
64d33e6a52cfbeeea921016d,"(Figaro) Au Pérou, en attendant les Incas | Le Musée du quai Branly-Jacques Chirac présente les trésors préincaïques du nord du Pérou.",,0,,,,,,,,,,,,,,,,,,,,,,,,,,,,,,,,,,,,,,,,,,,,,,,
64d33e6b52cfbeeea921016e,"(Figaro) Le pari du Louvre des sables | Aboutissement d'un accord signé sous Jacques Chirac entre la France et les Émirats arabes unis, le musée sera inauguré en grande pompe le 8 novembre.",,0,,,,,,,,,,,,,,,,,,,,,,,,,,,,,,,,,,,,,,,,,,,,,,,
64d33e6c52cfbeeea921016f,"(Figaro) Le dessin d'Olivier Ménégol : «La paix du mois» | VOTRE AVIS - Jacques Chirac sera-t-il récompensé du prix Nobel de la paix ? Cette idée inspire le dessinateur, invité du Figaro.",,0,,,,,,,,,,,,,,,,,,,,,,,,,,,,,,,,,,,,,,,,,,,,,,,
64d33e6d52cfbeeea9210170,"(Figaro) Picasso, la magie du Minotaure | EXPOSITION - En confrontant le mystère du peintre espagnol à celui de maîtres anonymes extra-européens, le Musée du Quai Branly-Jacques Chirac opère un lumineux renversement de perspective.",,0,,,,,,,,,,,,,,,,,,,,,,,,,,,,,,,,,,,,,,,,,,,,,,,
64d33e6f52cfbeeea9210171,"Seine-Saint-Denis : le président du Medef assure que ""le premier employeur est le trafic de drogue"", ""des propos honteux"" pour le président du département",,123,"""Et chez eux, c'est zéro télétravail, pas comme chez ces feignasses d'ingé"".","Imagine être fils héritier d’une des plus grandes familles industrielles de France, vielle noblesse, Écoles privées, Essec, Dauphine, jamais un souci d’argent… et sortir des conneries dignes du premier PMU du coin.",Le président du Medef juste jaloux des barons de la drogue,Cette photo parfaitement choisie.,"Rappelons que pour lui la victoire de Le Pen est un ""risque nécessaire""",Il réussit à faire passer son prédécesseur pour sympathique finalement.,"# Levallois perret : le président du Medef assure que ""le premier employeur est le trafic d'influence"", ""des propos honteux"" pour le président du département\n\n#","Quand bien même ça serait le cas, est-ce que ça serait pas plus un constat d’échec du Medef et du gouvernement (oui, c'est la même chose) ?\n\nQuand une carrière criminelle où tu risques de la taule ou pire semble plus intéressante pour tant de gens, est-ce que ça en dit pas plus sur l'état de l'emploi légal dans ces régions ?","Il oublie de dire que le 92, 78 et 75 sont les plus gros clients.","La "" drogue "" est un sacré problème dans notre pays.\n\nTu peut t'exploser la tronche à l'alcool chaque week end et finir la tête dans les toilettes.\n\nMais fumer un petit pétard avant d'aller faire dodo, oulala !\n\nNous somme le pays au monde qui consomme le plus de cannabis.\n\nChez les adultes et les ados.\n\nLes experts s'accordent à dire que l'alcool est environ 6 fois plus nocif.\n\nQuasiment un millions de consommateurs régulier de cannabis.\n\nAu final l'interdiction fait bien plus de mal que l'autorisation, c'est n'importe quoi.\n\nUn vrai débat doit être lancé.\n\nEt pas à coup de fake news comme certains pratiquent.",crowd innate versed automatic squeamish ugly abounding offbeat dinosaurs butter -- mass edited with redact.dev,"Ben voilà, suffit de légaliser et on baisse direct le nombre de chômeurs.",de la part d'un gars dont le soutien principal est le parti des poudrés...,"Il aurait dû ajouter ""chez les 15-25 ans"" à la rigueur, c'était peut-être quelque chose sur lequel construire un échange intelligent (et encore, ""premier employeur"" probablement pas, plutôt ""part non négligeable des revenus""), mais bon apparemment il oublie que l'écrasante majorité des adultes de quartier bossent dans des métiers de service (ménage, livraison, transport, logistique...) mal rémunérés.  \n\n\nDommage Geoffroy, 05/20 pour l'effort.","Non il s'est mal éxprimé, il voulait dire que par son statut de premier employeur, le traffique de drogue a une place privilégié au MEDEF.","Si le premier employeur c’est le trafic de drogues, faudrait peut être se remettre en question pour repasser devant lui non?","Ben, il faut bien que quelqu'un lui ramène sa coke, à Geoffroy.","Perso je lis entre les lignes et il se plaint surement de l'impossibilité de participer ouvertement a ce business . \n\nIl souhaite la fin du monopole des banlieue pour que les petits patron puissent aussi en profiter, c'est tout !",Le spectacle médiatique en ce moment est terrifiant. On est dans la phase terminale du populisme,"On est vraiment tombé dans la com’ politique à l’américaine, c’est deplorable.",[DROGUE!](https://www.youtube.com/watch?v=ctKQPbsMsG4),"Ah bah j'ai allumé ma radio ce matin (France Inter évidemment), je suis tombé exactement au moment de ce propos.\n\nJ'ai lâché une insulte et j'ai éteint ma radio.","N'oubliez jamais que s'il y a un business, c'est qu'il y a des clients. À méditer.",Seine-Saint-Denis : le president du medef raconte nimportequoi entre deux rails de coke mais comme c'est le president du medef vous etes au courant,"Je comprends pas... Il devrait être content non ? Si ""le premier employeur est le trafic de drogue"", avoir autant d'auto-entrepreneur, dans un marché totalement libéralisé, où l'Etat n'a aucune influence, c'est pas un peu le rêve du Medef ?","La Seine Saint Denis étant le quatrième département le plus contributeur de cotisations sociales, son postulat n'a absolument aucun sens.",En vrai on a une idée du nombre de gens impliqués dans le trafic de drogue en France et leur implantation géographique ?,pour une fois qu'il est jaloux du chiffre d'affaires de petite indépendante ^ ^,"En même temps le medef avec ses taff légaux payés au smic face aux barons de la drogue qui paient cash, le calcul doit être vite fait pour beaucoup. \n\nL’offre et la demande monsieur, si vous voulez les employer faut s’aligner sur le marché du travail local !",Et ils payent mieux que ce que propose le medef.,Mais que fait l'URSSAF ?,Donc là il est en train de plaider pour la légalisation du cannabis c'est ça ?,"Bon ben vu qu'ils créent de l'emploi, ils ont tout les droits non ?\nModifions les lois pour déréguler leur activité et balanceons les subventions.\nQuoi c'est pas comme ça que ça se passe dans notre startupnachion ?",,,,,,,,,,,,,,
64d33e7052cfbeeea9210172,Mort de Clément Méric : des milliers de manifestants défilent à Paris dix ans après le décès du militant antifasciste,,50,"Rappel: on ne négocie pas avec les fascistes. On ne débat pas avec les fascistes.\nOn combat les fascistes.\n\nCar les fascistes sont des combattants idéologiques qui sont prêts à la violence.\n\nSi vous êtes républicains et démocrates, l’antifascisme c’est automatique.","Ce fait divers est aussi tragique qu'inutile, et qui aurait pu être évité tellement facilement si seulement tout le monde ce jours là avait décidé de le faire.\n\nhttps://fr.wikipedia.org/wiki/Affaire_Cl%C3%A9ment_M%C3%A9ric#Cl%C3%A9ment_M%C3%A9ric?wprov=sfla1\n\nLa rencontre\n\nDeux groupes de trois personnes, un de militants de l'Action antifasciste Paris-Banlieue, l'autre de militants des Jeunesses nationalistes révolutionnaires, se rencontrent par hasard le 5 juin 2013, en fin d'après-midi, au cours d'une vente privée de vêtements de la marque Fred Perry, au 60 de la rue de Caumartin, dans le 9e arrondissement de Paris,. Ni Clément Méric, ni Esteban Morillo, principal inculpé dans cette affaire, ne sont présents sur les lieux à ce moment-là.\nRéagissant au slogan affiché sur le t-shirt d'un skinhead « Par le sang et pour l'honneur », proche de la devise des Jeunesses hitlériennes, un des militants d'extrême gauche, Steve Domas, interpelle d'abord les nationalistes qui se trouvent dans la salle de vente en leur disant, de son propre aveu : « Alors les nazis, on fait ses courses ? ». Selon les nationalistes, le groupe d'antifascistes aurait alors continué à les provoquer, menaçant de les « attendre en bas », tandis qu'eux-mêmes auraient demandé aux antifascistes de les laisser poursuivre leurs courses,.\nLes militants d'extrême gauche (Steve Domas, Aurélien Boudon, Matthias Bouchenot) quittent alors l'espace de vente vers 18 h et se mettent un peu plus loin rue Caumartin, au pied des marches de l'église Saint-Louis-d'Antin. Selon la chambre de l'instruction en avril 2014, ils auraient alors attendu « ostensiblement » l'autre groupe « en faisant téléphoniquement appel à du renfort », ce que les intéressés démentent en expliquant qu'ils attendaient l'arrivée de Clément Méric avec lequel ils avaient prévu de faire des courses, puis le départ des militants d'extrême droite pour l'accompagner à la vente. Clément Méric les rejoint un quart d'heure plus tard. Pendant qu'il attend avec le groupe le départ des nationalistes, il échange des SMS dont le contenu sera dévoilé par Le Parisien : ils ont trait à l'organisation de la fête d'anniversaire d'une amie qui devait avoir lieu le soir même. Pendant ce temps, les nationalistes terminent leurs courses et appellent du renfort par téléphone. Samuel Dufour appelle en particulier Esteban Morillo.\nUn vigile, alerté par une cliente, des tensions entre les deux groupes, tente d'abord de calmer les nationalistes, puis descend à la rencontre des antifascistes. L'un d'eux, Matthias Bouchenot, lui signifie que les nationalistes ont caché un poing américain dans un sac avant de pénétrer dans le magasin et l'invite à prendre des dispositions. Selon le vigile, Clément Méric aurait alors déclaré : « Ce sont des gens qui ne devraient même pas être vivants », ou, dans une autre version du même témoin, « Ces gens-là ne devraient pas exister ». Lorsque le vigile retourne dans le magasin, Clément Méric le suit. En montant, il croise les nationalistes dans les escaliers et envoie à 18 h 27 un dernier SMS à ses amis : « ils descendent »,.\n\nLa scène de violence\n\nAu lieu d'esquiver l'affrontement comme le vigile le leur avait conseillé, les nationalistes partent alors directement à la rencontre des antifascistes, qui attendent depuis une quarantaine de minutes sur le parvis de l'église Saint-Louis-d'Antin.\nUne rixe éclate alors, décrite par le procureur comme une « scène de violence avec des échanges de coups », sans que l'on sache qui a initié le combat, les deux groupes se renvoyant mutuellement cette responsabilité,.\nUn des antifascistes affirme que Samuel Dufour utilisait un poing américain, tandis que celui-ci affirme au contraire n'avoir porté que des bagues de combat, version contredite par des SMS trouvés sur son téléphone dans lesquels il se vante d'avoir frappé avec un poing américain.\nEsteban Morillo reconnaît avoir porté deux coups à Clément Méric, dont celui qui a entraîné sa mort,. Selon l'expertise médico-légale, la victime aurait reçu « au moins cinq coups » au visage, dont l'impact est qualifié de « très violent ».\nQuant à celle de savoir si ces blessures ont été provoquées par des poings américains, une des nationalistes reconnait qu'elle a vu Esteban Morillo ranger un poing américain dans le sac à dos de Samuel Dufour avant de faire ses courses, un témoin affirme l'avoir vu enfiler l'arme en quittant la boutique et d'autres l'avoir vu frapper avec un poing américain. D'autres témoins n'ont pas vu d'arme. Les expertises produites durant l'instruction s'abstiennent de prendre une position tranchée, considérant ne pas pouvoir conclure formellement à l'usage de telles armes, sans pour autant en exclure la possibilité,.\nLes nationalistes prennent ensuite la fuite. L'enquête établira qu'ils se retrouvent tous ensemble au Local, le bar de Serge Ayoub avec qui ils ont déjà été en communication téléphonique juste avant et juste après la rixe, et ensuite tout au long de la nuit.\nClément Méric est transporté à l’hôpital de la Pitié-Salpêtrière dans un état de mort cérébrale. Il est déclaré mort le lendemain. Trois et sept jours d'incapacité totale de travail sont délivrés à deux militants d'extrême gauche et deux jours pour l'un des militants d'extrême droite.","C'est drôle comme l'histoire se répète, les SA en Allemagne (futur SS quand le rouge s'est teinté de brun) se sont aussi rassemblé autour du meurtre d'un de leurs militants en 1930, Horst Wessel. Et pareil, ils défilaient dans les rues le poing levé, ivres de violence contre le camp adverse.",Ils vont casser des vitrines ?,,,,,,,,,,,,,,,,,,,,,,,,,,,,,,,,,,,,,,,,,,,
64d33e7152cfbeeea9210173,"(Figaro) 21 avril 2002: Jean-Marie Le Pen prive Lionel Jospin de second tour | HISTOIRE DE PRÉSIDENTIELLES (7/9) - Le «21 avril» deviendra une date symbole, synonyme d'élimination de la gauche au profit du Front national. Jacques Chirac est réélu avec 82,21% des voix.",,0,,,,,,,,,,,,,,,,,,,,,,,,,,,,,,,,,,,,,,,,,,,,,,,
64d33e7152cfbeeea9210174,"(Monde) Sergio Marchionne, ancien administrateur délégué du groupe Fiat et président de Ferrari, est mort | Le groupe Fiat Chrysler a annoncé, mercredi, le décès de son ancien dirigeant.",,0,,,,,,,,,,,,,,,,,,,,,,,,,,,,,,,,,,,,,,,,,,,,,,,
64d33e7252cfbeeea9210175,Décès ce lundi d'Amélius Hernandez ancien président du SIAEAG,,0,,,,,,,,,,,,,,,,,,,,,,,,,,,,,,,,,,,,,,,,,,,,,,,
64d33e7352cfbeeea9210176,"(Monde/Afr) Au Sénégal, décès du septième calife général de la confrérie mouride | Le nom du nouveau dignitaire n’est pas encore connu. Le président Macky Sall est arrivé à Touba pour présenter aux croyants les condoléances de la nation.",,0,,,,,,,,,,,,,,,,,,,,,,,,,,,,,,,,,,,,,,,,,,,,,,,
64d33e7352cfbeeea9210177,Après le décès au home la Knippchen à Arlon: la présidente du CPAS rassure,,0,,,,,,,,,,,,,,,,,,,,,,,,,,,,,,,,,,,,,,,,,,,,,,,
64d33e7552cfbeeea9210178,Center-right candidate Jacques Chirac defeats far-right candidate Jean-Marie Le Pen in a massive landslide victory in the French elections [20YA - May 5],,52,I remember that :0 damn I’m getting old,And nowadays the far-right scores just above 40% 🙃,When will you Le Pens learn!?,"All I remember of this was our school asembly, our head master sat the whole school down, and spoke about the French elections, he shared his fears about if someone like Le Pen won, how racism and bigotry would win, and how we all, teachers, students, people in general have to be careful about the encrouching far-right hatred and what would happen if someone like Jean-Marie Le Pen won an election and gained power over a nation, as he spoke next of a historical far-right leader who won through hatred and bigotry and made sure we all, 1000+ students thought on that.  \nStuck with me even today.","So this Le Pen people are not exactly familiar with winning, are they?",Probably because he's good at getting rid of those pesky beavers,I thought that was Danny DeVito at first,♪Oo-ooh! Jacques Chirac!♫,is this the same le pen that just lost???,"&#x200B;\n\nWell, anything but the far left ones with the neo-pedophile wife is better.",,,,,,,,,,,,,,,,,,,,,,,,,,,,,,,,,,,,,https://i.redd.it/btlf19kuslx81.jpg
64d33e7652cfbeeea9210179,"(Figaro) L'hommage de Jean d'Ormesson au général de Gaulle | LES ARCHIVES DU FIGARO - « Il n'est plus dans notre pouvoir de réparer les injustices faites au plus grand des Français de ce siècle», écrit Jean d'Ormesson dans Le Figaro en 1977, sept ans après le décès du général et ancien président.",,0,,,,,,,,,,,,,,,,,,,,,,,,,,,,,,,,,,,,,,,,,,,,,,,
64d33e7752cfbeeea921017a,"(Monde) Au Sénégal, décès du septième calife général de la confrérie mouride | Le nouveau dignitaire a été choisi dans la nuit. Le président Macky Sall est arrivé à Touba pour présenter aux croyants les condoléances de la nation.",,0,,,,,,,,,,,,,,,,,,,,,,,,,,,,,,,,,,,,,,,,,,,,,,,
64d33e7852cfbeeea921017b,Niger: des militaires affirment avoir renversé le pouvoir du président Mohamed Bazoum,,17,"Le pire, c'est qu'il y a 3 semaines, tu avais Blinken qui parlait du Niger comme d'un pays stable et que l'UE et la France allaient augmenter leur soutien militaire pour la lutte contre les jihadistes.\n\nJe ne serais pas surpris d'apprendre que la Russie n'est pas très loin derrière ce putsch.",Coup d'Etat confirmé au Niger.\n\n* Président retenu captif.\n\n* Suspension des institutions et du gouvernement.\n\n* Couvre feu.\n\n* Fermeture des frontières.\n\nQuid des mines d'uranium d'Orano (ex AREVA / COGEMA) ?\n\nAnalyse du Monde :\n\nhttps://www.lemonde.fr/afrique/article/2023/07/27/niger-la-chute-du-president-mohamed-bazoum-destabilise-encore-un-peu-plus-le-sahel_6183560_3212.html\n\nedit : Bazoum a également été l'un des rares dirigeants africains à refuser d'assister au sommet Russie-Afrique qui s'est ouvert à Saint-Pétersbourg cette semaine,C'est vraiment toujours la même histoire,,,,,,,,,,,,,,,,,,,,,,,,,,,,,,,,,,,,,,,,,,,,
64d33e7952cfbeeea921017c,"Indigènes , film de Rachid Bouchareb jette un regard cru sur le passé colonial de la France, sur son ''oubli'' observé à l'égard de ses troupes d'Afrique qui participèrent à sa libération du joug nazi mais attitude bientôt contrebalancée par la décision, attendue, de Jacques Chirac de restaurer leur pension complète aux 80.0000 survivants des vétérans des ex-colonies. Le film suscite déjà des réactions contre sa thèse principale sur l'amnésie de la France. Une réflexion qui coincide avec la sortie prochainement du livre de Pascal Bruckner. Le philosophe critique sévèrement la France qui croit devoir s'excuser encore pour les erreurs des anciennes générations.",,0,,,,,,,,,,,,,,,,,,,,,,,,,,,,,,,,,,,,,,,,,,,,,,,
64d33e7a52cfbeeea921017d,Cinq policiers du Raid en garde à vue après le décès d’un homme en marge des émeutes à Marseille,,0,,,,,,,,,,,,,,,,,,,,,,,,,,,,,,,,,,,,,,,,,,,,,,,
64d33e7a52cfbeeea921017e,(Figaro) Venezuela : encore deux manifestants tués lors de la journée de grève générale | Ces décès portent à 99 le nombre de personnes tuées en près de quatre mois de manifestations contre le projet du président Nicolas Maduro de modifier la Constitution.,,0,,,,,,,,,,,,,,,,,,,,,,,,,,,,,,,,,,,,,,,,,,,,,,,
64d33e7c52cfbeeea921017f,"Valéry Giscard d'Estaing (alors président de la République) et Serge Dassault posent devant le Super Mirage 4000, lors du 33ème salon aéronautique du Bourget, le 9 juin 1979",,10,"Visible en vrai au Musée de l'air et de l'espace du Bourget (l'avion hein, pas Giscard) un superbe musée avec une touche Giscardpunk avec pas mal d'avions et d'engins spatiaux Français des années 60-80. Du temps ou la France était la 3ème nation spatiale au monde. C'est beau la collection est immense, ça sent le kérosène et le staff est admirablement aimable.",Super Mirage Ultra 4000™,"Le grand-frère caché du Rafale, fruit des amours d'un Mirage IV et d'un Mirage 2000... Je pense que je vais retourner une septième fois au musée du Bourget !",On aurait du en commander 1500 et dominer le monde.,,,,,,,,,,,,,,,,,,,,,,,,,,,,,,,,,,,,,,,,,,,https://i.redd.it/vqopsn9hhjdb1.png
64d33e7d52cfbeeea9210180,Cinq policiers du Raid en garde à vue après le décès d’un homme en marge des émeutes à Marseille,,0,,,,,,,,,,,,,,,,,,,,,,,,,,,,,,,,,,,,,,,,,,,,,,,
64d33e7e52cfbeeea9210181,"Décès de Jacques Chirac: ""Jacques a dit"", testez notre générateur des meilleures citations de Jacques Chirac [France]",,0,,,,,,,,,,,,,,,,,,,,,,,,,,,,,,,,,,,,,,,,,,,,,,,
64d33e7f52cfbeeea9210182,"Gambie : Décès du vice-président, Badara Alieu Joof",,0,,,,,,,,,,,,,,,,,,,,,,,,,,,,,,,,,,,,,,,,,,,,,,,
64d33e8052cfbeeea9210183,"Paris : Décès du président du Groupe Sunu, Pathé Dione…",,0,,,,,,,,,,,,,,,,,,,,,,,,,,,,,,,,,,,,,,,,,,,,,,,
64d33e8152cfbeeea9210184,"Mais du coup, c’est qui selon vous le meilleur président de la 5ème ?","Chirac n’a pas l’air d’avoir été cité dans le post précédent comme le pire président de la 5ème , ce serait quand même pas le meilleur ??\n\nD’ailleurs, pour nous français râleurs, c’est un bon exercice d’essayer de souligner les bonnes choses qui ont pu être décidées/poussées/accomplies par l’un de nos présidents.\n\nÉdit: Merci pour vos nombreux retours, des points de vues assez variés et intéressants !",60,"Ça va être très impopulaire mais le mandat de Giscard a posé les bases du nucléaire, du TGV, d'Airbus, du Concorde, du renouveau de l'automobile, en fait de pas mal de choses qui ont un impact extrêmement positif aujourd'hui (il reste même quasiment que ça au niveau industriel/technologique).","De Gaulle, il a fait une Constituante et c'est pas parti en mode totalitaire. Le type se battait pour son pays, et quand il a été désavoué, il est parti de lui-même.\n\nHonnêtement, c'est difficile de les départager sur le fond, il y a du mauvais partout, et je ne connais pas assez bien ce qu'ont réalisé les plus anciens...\n\nMais je ne crois pas qu'on ait eu de meilleure preuve d'engagement depuis. Au contraire.\n\nEdit : On sort de Guerre, la France est en ruine, on avait Vichy... Il y en a là dessous qui regrettent que l'on s'en soit débarrassé ? Sans doute... Comment ne pas regretter Vichy qui avait donné les pleins pouvoirs constituants à Pétain...\n\nLà on a un type qui s'en débarrasse en utilisant tous les moyens possibles. Déclare une Constituante, tient ses délais, nous donne la Vème, celle que l'on connait aujourd'hui après quelques révisions. Qui a fait tenir le pays jusque là. Avec ses faiblesses (l'hyperpresident), mais aussi ses forces (tient en cohabitation). C'est un régime d'ordre qui a su faire avancer la France, la reconstruire et améliorer le sort des français très globalement.\nIl a fait de la belle merde sur bien d'autres sujets. Mais malgré ça il est parti de lui-même et a laissé le processus démocratique continuer.\n\nVous en connaissez beaucoup des dictateurs qui se barrent après avoir perdu un suffrage ? Alors même que les institutions ne l'obligent pas ? On parle de Sarkozy ? Petite ***** arrogante de rien du tout, ça me fait honte.\n\nOn en pense ce que l'on veut mais l'idée de démocratie en France a pu survivre suite à tout ça.\n\nEn revanche depuis des années, ses successeurs s'échinent à la détruire, faisant payer les français au passage qui n'ont rien demandé. A chaque fois, ce sont des petits coups dans l'édifice. Et les institutions aujourd'hui chambranlent.\nLa France n'a jamais été parfaites, ses institutions non plus. Mais les hommes qui se sont succédés auraient pu essayer d'en faire quelque chose de meilleur. Ça n'a que rarement été le cas, et toujours au prix fort.",Macron. Juste pour faire chier la belle-famille.,"Perso je dirais De Gaulle, plus pour le fait qu’il soit parvenu à rendre la France indépendante des États Unis. Qu’il est a l’origine de l’ue. Bref il a de mon point de vu réussi à reconstruire fortement la France après la seconde guerre mondiale, bien mieux que les britanniques.","ça fait 40 ans que je vote , je n'ai vu que des moins pires, jamais de meilleurs.  \nEt comme plus les élections passent, plus on se retrouve avec des guignols , je crains le pire dans les années futures","Probablement de Gaulle. Il a construit la V éme République autour de ses valeurs et en fonction de son style. Que l'on adhère ou pas à ses convictions, c'est probablement celui qui a respecté au mieux l'esprit de la construction. (Cela ne veux pas dire que c'était un super-président ni qu'il brillait la nuit.",De Gaulle!,Jean Lassalle quand il sera élu en 2027 !!!,"Réponse de constitutionaliste : Alain Poher, président par intérim en tant que président du Sénat lors des vacances DG/Pompidou et qui s'en est servi pour ratifier la Convention européenne des droits de l'homme et donc faire de la Veme une démocratie libérale normale au lieu d'être ce mélange inquiet de bonapartisme et de légitimisme. C'est aussi lui qui a saisi le CC pour la fameuse décision de 71 qui fonde le CC comme garant des droits constitutionnels contre le gouvernement.",Question difficile à cause du biais de récence. \nTout le monde te dira que le pire c'est Macron alors que franchement il fait le job. \nLe meilleur c'est aussi difficile a dire car souvent les actions d'un président sont visibles des années après son départ.,"Le meilleur? Le moins pire, tu veux dire?  \nDans les institutions de la 5ème République, qui sont bien peu démocratiques, le président finit forcément par être détesté parce qu'il a le pouvoir d'imposer sa politique en rencontrant bien peu d'obstacles.\n\nEt merci pour le cliché des Français râleurs... Il faut plutôt se réjouir que nos compatriotes ne soient pas des moutons contents de se faire tondre.","Mitterrand, au début de son premier mandat.",Tonton. Une bonne grosse crevure a l'ancienne avec un style impeccable et un sens du mépris de classe inégalé depuis.,"Chirac, le type qui a offert le 2nd tour au FN après la cohabitation, qui a des casseroles pour financement de parti, et corruption à la mairie de Paris monstrueuse, qui a pardonné et offert la voie royale à Sarkozy en lui refilant le ministère de l'intérieur pour qu'il fasse son cirque (en reprenant les thématiques du Chirac 1er ministre d'ailleurs - insécurité, racailles, le bruit et l'odeur, etc). Chirac dont on oublie un peu vite le 2nd mandat > CPE, Emeutes de 2005 et couvre-feu et première mesure d'exception sortant du champ républicain, mesures auxquelles nous nous sommes habitués depuis, malheureusement, pour un motif ou pour un autre...\n\nAlors ok, nous ne sommes pas allé en Irak, il a humilié les services israéliens, et il mangeait de la tête de veau, mais c'est oublier un peu vite la somme astronomique de casseroles que le type trainait et le fait qu'il a rendu possible ET Sarko et le FN à 30%.\n\nEdit : VGE est le prototype de Macron. Sans VGE, le macronisme et le turbocentrisme n'aurait pas vu le jour.",Les gens qui citent De Gaulle... On est d'accord que vous parlez du même De Gaulle qui a fait un coup d'état et qui a créé la constitution qui nous a amenée aux problèmes qu'on vit aujourd'hui ou c'est un homonyme ?,"Difficile de choisir entre Chirac et Macron *(je ne connais pas assez Pompidou ni Giscard)*, mais en étant objectif on pourrait dire que Macron a eu beaucoup plus de “défis” a relever que les autres (les Gilets Jaunes, le COVID, Donald Trump, l’inflation, la guerre en Ukraine, l’AUKUS). \n\nÇa fait beaucoup en moins de 6 ans. \n\nOn rappellera aussi que Hollande a tellement merdé durant son mandat qu’il n’a même pas osé se représenter…","Mon ""top"" :\n\n1er  Charles de Gaulle (à noter néanmoins que ce n'était pas le plus grand démocrate qui soit)\n\n2 Jacques Chirac\n\n3 Georges Pompidou \n\n4 François Hollande / Nicolas Sarkozy ex æquo\n\n5 Valéry Giscard d'estaing / François Mitterrand ex æquo \n\n6 Emmanuel Macron. \n\nAlain Poher ( hors classement )",Je ne sais pas s'il y a un meilleur. On pourrait plutôt dire qu'il y a un moins pire que d'autres.,De Gaulle sans aucun doute sûrement parce qu’il n’était pas un politique donc pas un carriéristes comme tous les escros qui nous gouvernent aujourd’hui,[deleted],"De Gaule + Pompidou, éventuellement Giscard si on met de côté les affaires en françafrique je connais trop peu pour me prononcer\n\nLes autres n'avaient / n'ont aucune colonne vertébrale. Chirac étant un des pires, c'est juste qu'il s'est calmé sur la fin, ce qui a laissé un souvenir biaisé aux français qui ont la mémoire courte (Mitterrand de gauche, mdr..)"," Mitterrand. Il a donné des acquis sociaux aux gens, interdit la peine de mort.","Mitterrand pour moi, clairement. Il a des casseroles au cul, c'est sûr, mais bon les autres aussi. Il est resté trop longtemps et a cédé aux sirènes du libéralisme ambiant.\n\nMais le début de son premier mandat condense une bonne partie des avancées sociales de la Vème République donc ça le met directement en tête pour moi.","François Hollande: il est venu, il est parti et personne ne s’en ait rendu compte. Pas un démagogue comme les autres, moins mêlé aux ´affaires’, monsieur ordinaire. \nIl y en a qui veulent un chef, moi je préfère un fonctionnaire au service de l’état.","Sarkozy, parce qu'il était très drôle malgré lui, et qu'à l'époque on pensait encore naïvement qu'on ne pouvait pas tomber plus bas","Ça me fait mal au cul de le dire à cause du coup d’état, de Maurice Papon, et de ses dissolutions foireuses mais de Gaulle est clairement le meilleur de la bande. Ce qui n’est clairement pas une bonne nouvelle pour la qualité du classement…","Ah si j’ai trouvé. Alain Poher (ouais il a pas été président longtemps mais il a aucune décision foireuse à assumer, et il a quand même été président deux fois).",Celui qui initiera la 6 ème !,,,,,,,,,,,,,,,,,,,
64d33e8252cfbeeea9210185,"Communiqué au vitriol de la part de Richard Prasquier, président du CRIF, concernant le décès de Stéphane Hessel. Miam.",,1,"Je n'avais pas vu, mais la LDJ a aussi eu son communiqué : http://www.lematin.ch/faits-divers/mort-hessel-rejouit-ligue-defense-juive/story/15912947\n\nC'est nauséabond.",,,,,,,,,,,,,,,,,,,,,,,,,,,,,,,,,,,,,,,,,,,,,,
64d33e8352cfbeeea9210186,"Le président Macky Sall réagit, après le décès de Me Ousmane Sèye",,0,,,,,,,,,,,,,,,,,,,,,,,,,,,,,,,,,,,,,,,,,,,,,,,
64d33e8452cfbeeea9210187,Nécrologie : l’IFAN endeuillée par le décès du Dr Fatou Bintou Dial,,0,,,,,,,,,,,,,,,,,,,,,,,,,,,,,,,,,,,,,,,,,,,,,,,
